insert into data.point_of_interests (id, name, description) values (0, 'Muzeum II wojny światowej w Gdańsku', 'cum libero himenaeos luctus patrioque tellus atomorum liber evertitur wisi erroribus fringilla persecuti mel ceteros vel detracto montes quidam errem consetetur natum lobortis has error atomorum parturient fabulas appareat ignota');
insert into data.point_of_interests (id, name, description) values (1, 'Neptun', 'cum libero himenaeos luctus patrioque tellus atomorum liber evertitur wisi erroribus fringilla persecuti mel ceteros vel detracto montes quidam errem consetetur natum lobortis has error atomorum parturient fabulas appareat ignota');
insert into data.point_of_interests (id, name, description) values (2, 'Bazylika Mariacka', 'cum libero himenaeos luctus patrioque tellus atomorum liber evertitur wisi erroribus fringilla persecuti mel ceteros vel detracto montes quidam errem consetetur natum lobortis has error atomorum parturient fabulas appareat ignota');
insert into data.point_of_interests (id, name, description) values (3, 'Europejskie Centrum Solidarności', 'cum libero himenaeos luctus patrioque tellus atomorum liber evertitur wisi erroribus fringilla persecuti mel ceteros vel detracto montes quidam errem consetetur natum lobortis has error atomorum parturient fabulas appareat ignota');
insert into data.point_of_interests (id, name, description) values (4, 'AmberSky', 'cum libero himenaeos luctus patrioque tellus atomorum liber evertitur wisi erroribus fringilla persecuti mel ceteros vel detracto montes quidam errem consetetur natum lobortis has error atomorum parturient fabulas appareat ignota');
insert into data.point_of_interests (id, name, description) values (5, 'Park Oliwski oraz Katedra', 'cum libero himenaeos luctus patrioque tellus atomorum liber evertitur wisi erroribus fringilla persecuti mel ceteros vel detracto montes quidam errem consetetur natum lobortis has error atomorum parturient fabulas appareat ignota');
insert into data.point_of_interests (id, name, description) values (6, 'Pomnik Historii „Pole Bitwy na Westerplatte”', 'cum libero himenaeos luctus patrioque tellus atomorum liber evertitur wisi erroribus fringilla persecuti mel ceteros vel detracto montes quidam errem consetetur natum lobortis has error atomorum parturient fabulas appareat ignota');
insert into data.point_of_interests (id, name, description) values (7, 'Wartownia nr 1 na Westerplatte', 'cum libero himenaeos luctus patrioque tellus atomorum liber evertitur wisi erroribus fringilla persecuti mel ceteros vel detracto montes quidam errem consetetur natum lobortis has error atomorum parturient fabulas appareat ignota');
insert into data.point_of_interests (id, name, description) values (8, 'Muzeum Poczty Polskiej', 'cum libero himenaeos luctus patrioque tellus atomorum liber evertitur wisi erroribus fringilla persecuti mel ceteros vel detracto montes quidam errem consetetur natum lobortis has error atomorum parturient fabulas appareat ignota');
insert into data.point_of_interests (id, name, description) values (9, 'Muzeum Miasta Gdańsk', 'cum libero himenaeos luctus patrioque tellus atomorum liber evertitur wisi erroribus fringilla persecuti mel ceteros vel detracto montes quidam errem consetetur natum lobortis has error atomorum parturient fabulas appareat ignota');
insert into data.point_of_interests (id, name, description) values (10, 'Kuźnia Wodna', 'cum libero himenaeos luctus patrioque tellus atomorum liber evertitur wisi erroribus fringilla persecuti mel ceteros vel detracto montes quidam errem consetetur natum lobortis has error atomorum parturient fabulas appareat ignota');
insert into data.point_of_interests (id, name, description) values (11, 'Zoo Gdańsk', 'cum libero himenaeos luctus patrioque tellus atomorum liber evertitur wisi erroribus fringilla persecuti mel ceteros vel detracto montes quidam errem consetetur natum lobortis has error atomorum parturient fabulas appareat ignota');
insert into data.point_of_interests (id, name, description) values (12, 'Dom Uphagena', 'cum libero himenaeos luctus patrioque tellus atomorum liber evertitur wisi erroribus fringilla persecuti mel ceteros vel detracto montes quidam errem consetetur natum lobortis has error atomorum parturient fabulas appareat ignota');
insert into data.point_of_interests (id, name, description) values (13, '"Sołdek"', 'cum libero himenaeos luctus patrioque tellus atomorum liber evertitur wisi erroribus fringilla persecuti mel ceteros vel detracto montes quidam errem consetetur natum lobortis has error atomorum parturient fabulas appareat ignota');
insert into data.point_of_interests (id, name, description) values (14, 'Spichlerze na Ołowiance', 'cum libero himenaeos luctus patrioque tellus atomorum liber evertitur wisi erroribus fringilla persecuti mel ceteros vel detracto montes quidam errem consetetur natum lobortis has error atomorum parturient fabulas appareat ignota');

insert into data.entrances (id, osm_node_id, name, description) values (0, 5364407951, 'Główne wejście', 'Morbi errem ocurreret fusce quot ne constituam sanctus blandit bibendum utamur definiebas metus felis ubique quo vidisse alia tamquam');
insert into data.entrances (id, osm_node_id, name, description) values (1, 1568383429, 'Główne wejście', 'Morbi errem ocurreret fusce quot ne constituam sanctus blandit bibendum utamur definiebas metus felis ubique quo vidisse alia tamquam');
insert into data.entrances (id, osm_node_id, name, description) values (2, 3047510050, 'Główne wejście', 'Morbi errem ocurreret fusce quot ne constituam sanctus blandit bibendum utamur definiebas metus felis ubique quo vidisse alia tamquam');
insert into data.entrances (id, osm_node_id, name, description) values (3, 3065367541, 'Główne wejście', 'Morbi errem ocurreret fusce quot ne constituam sanctus blandit bibendum utamur definiebas metus felis ubique quo vidisse alia tamquam');
insert into data.entrances (id, osm_node_id, name, description) values (4, 1868665381, 'Główne wejście', 'Morbi errem ocurreret fusce quot ne constituam sanctus blandit bibendum utamur definiebas metus felis ubique quo vidisse alia tamquam');
insert into data.entrances (id, osm_node_id, name, description) values (5, 1801126226, 'Główne wejście', 'Morbi errem ocurreret fusce quot ne constituam sanctus blandit bibendum utamur definiebas metus felis ubique quo vidisse alia tamquam');
insert into data.entrances (id, osm_node_id, name, description) values (6, 1854311409, 'Główne wejście', 'Morbi errem ocurreret fusce quot ne constituam sanctus blandit bibendum utamur definiebas metus felis ubique quo vidisse alia tamquam');
insert into data.entrances (id, osm_node_id, name, description) values (7, 9104190192, 'Główne wejście', 'Morbi errem ocurreret fusce quot ne constituam sanctus blandit bibendum utamur definiebas metus felis ubique quo vidisse alia tamquam');
insert into data.entrances (id, osm_node_id, name, description) values (8, 11471624338, 'Główne wejście', 'Morbi errem ocurreret fusce quot ne constituam sanctus blandit bibendum utamur definiebas metus felis ubique quo vidisse alia tamquam');
insert into data.entrances (id, osm_node_id, name, description) values (9, 8949266705, 'Główne wejście', 'Morbi errem ocurreret fusce quot ne constituam sanctus blandit bibendum utamur definiebas metus felis ubique quo vidisse alia tamquam');
insert into data.entrances (id, osm_node_id, name, description) values (10, 9054766093, 'Główne wejście', 'Morbi errem ocurreret fusce quot ne constituam sanctus blandit bibendum utamur definiebas metus felis ubique quo vidisse alia tamquam');
insert into data.entrances (id, osm_node_id, name, description) values (11, 2621388597, 'Główne wejście', 'Morbi errem ocurreret fusce quot ne constituam sanctus blandit bibendum utamur definiebas metus felis ubique quo vidisse alia tamquam');
insert into data.entrances (id, osm_node_id, name, description) values (12, 1120413757, 'Główne wejście', 'Morbi errem ocurreret fusce quot ne constituam sanctus blandit bibendum utamur definiebas metus felis ubique quo vidisse alia tamquam');
insert into data.entrances (id, osm_node_id, name, description) values (13, 9545832961, 'Główne wejście', 'Morbi errem ocurreret fusce quot ne constituam sanctus blandit bibendum utamur definiebas metus felis ubique quo vidisse alia tamquam');
insert into data.entrances (id, osm_node_id, name, description) values (14, 1868665088, 'Główne wejście', 'Morbi errem ocurreret fusce quot ne constituam sanctus blandit bibendum utamur definiebas metus felis ubique quo vidisse alia tamquam');

insert into data.entrance_point_of_interest (entrances_id, point_of_interests_id) values (0, 0);
insert into data.entrance_point_of_interest (entrances_id, point_of_interests_id) values (1, 1);
insert into data.entrance_point_of_interest (entrances_id, point_of_interests_id) values (2, 2);
insert into data.entrance_point_of_interest (entrances_id, point_of_interests_id) values (3, 3);
insert into data.entrance_point_of_interest (entrances_id, point_of_interests_id) values (4, 4);
insert into data.entrance_point_of_interest (entrances_id, point_of_interests_id) values (5, 5);
insert into data.entrance_point_of_interest (entrances_id, point_of_interests_id) values (6, 6);
insert into data.entrance_point_of_interest (entrances_id, point_of_interests_id) values (7, 7);
insert into data.entrance_point_of_interest (entrances_id, point_of_interests_id) values (8, 8);
insert into data.entrance_point_of_interest (entrances_id, point_of_interests_id) values (9, 9);
insert into data.entrance_point_of_interest (entrances_id, point_of_interests_id) values (10, 10);
insert into data.entrance_point_of_interest (entrances_id, point_of_interests_id) values (11, 11);
insert into data.entrance_point_of_interest (entrances_id, point_of_interests_id) values (12, 12);
insert into data.entrance_point_of_interest (entrances_id, point_of_interests_id) values (13, 13);
insert into data.entrance_point_of_interest (entrances_id, point_of_interests_id) values (14, 14);
